Date,PC1,PC2,PC3
1960-02-29,-0.3596191140672896,0.10457468543465176,0.056817883673922924
1960-03-31,-0.3312662506915747,0.13433650641838515,0.03506779562259898
1960-04-30,-0.3217303184907504,0.1311273254795954,0.040957115487958676
1960-05-31,-0.3198998553068001,0.1277673280657523,0.04091624542511609
1960-06-30,-0.3190230544558033,0.12601815382609355,0.04225475087134477
1960-07-31,-0.31619824662342877,0.12745784697000775,0.04224274567148212
1960-08-31,-0.31704329514277785,0.12919194003742157,0.02694129273132798
1960-09-30,-0.3171152849459684,0.1299599135447635,0.025737470011058493
1960-10-31,-0.31441847914575016,0.14092096748075408,0.0235457187457084
1960-11-30,-0.31601361761407465,0.1428869305527159,0.014657600244354509
1960-12-31,-0.3130606176375293,0.15492497851066483,0.005037454371972149
1961-01-31,-0.27939845189011825,0.13836002951218682,0.009738107841523916
1961-02-28,-0.28036338408368877,0.13684616163159166,0.013880007146947895
1961-03-31,-0.2825171210329209,0.13745846415468904,0.013664825548242608
1961-04-30,-0.2858717745615918,0.13594528646101428,0.016934190850130596
1961-05-31,-0.2860141193079386,0.13773589952473386,0.01841856090812884
1961-06-30,-0.2872563349240925,0.1531973368578434,0.007311083146285808
1961-07-31,-0.2897443199031034,0.15702912233276245,0.002536380033625847
1961-08-31,-0.2907714369100274,0.15641409262684855,0.0069964167568995345
1961-09-30,-0.2935013133070044,0.15454740357405644,0.008401531748008402
1961-10-31,-0.2956591230111507,0.15083095360610552,0.009176051991231454
1961-11-30,-0.2976647701028869,0.14973237643629447,0.008083143558214614
1961-12-31,-0.29566997728129996,0.15435723069266274,0.005822277376879208
1962-01-31,-0.2642543650766661,0.15690437679056685,0.02815348922059246
1962-02-28,-0.2681793635343851,0.1558193269864332,0.030172313987316814
1962-03-31,-0.2705645322141567,0.15549060463807948,0.029614651042754445
1962-04-30,-0.2746207805011332,0.15282221558229542,0.030938497975762258
1962-05-31,-0.276675953652148,0.15094857083538807,0.03108386844993015
1962-06-30,-0.27974339574526574,0.14841839819899294,0.030863159239720238
1962-07-31,-0.2829068364956561,0.14723463386910152,0.03170231506301189
1962-08-31,-0.2859003626764959,0.14462670714577455,0.03342215892776856
1962-09-30,-0.2869683322273872,0.14283201152995922,0.03454490719562024
1962-10-31,-0.28693896301761573,0.14229058477476206,0.03608809120893594
1962-11-30,-0.2887050538185462,0.14980146269214692,0.02152474732706268
1962-12-31,-0.28906710866951013,0.155710613381238,0.013305675311710409
1963-01-31,-0.2853114392393605,0.16036255623428405,0.014849657308640267
1963-02-28,-0.2883281335623739,0.15761322726619123,0.017180611765539328
1963-03-31,-0.29160276885742725,0.15478952627840653,0.019481559170222422
1963-04-30,-0.2909498471065676,0.15581824864889937,0.024673303483226182
1963-05-31,-0.2871443289290537,0.16570666616676996,0.030737671020723834
1963-06-30,-0.2839994512078136,0.16533635342239922,0.033753908982620956
1963-07-31,-0.2860480805202922,0.16818140807927678,0.03203455471975465
1963-08-31,-0.28739942584925715,0.17694136657285606,0.019255503619467314
1963-09-30,-0.28988968667018716,0.17459105038769465,0.020541946747940673
1963-10-31,-0.2871336418314941,0.18028293914074542,0.022663790074699805
1963-11-30,-0.290544099494632,0.17641349440478007,0.020955813462731166
1963-12-31,-0.2895642903873815,0.1754078754486457,0.021835421055303
1964-01-31,-0.20308767116755708,0.18981614057255708,-0.00444941547881357
1964-02-29,-0.2068934573732972,0.18906552219287817,-0.00023084408677134926
1964-03-31,-0.21217232926192162,0.18654390408076943,0.0025293216917904957
1964-04-30,-0.21833723067747993,0.18392438878727646,-0.001414638143976415
1964-05-31,-0.2226799536830136,0.18186341675127865,0.002345166344714739
1964-06-30,-0.2264910540923008,0.1812263725001215,0.0051099281689370125
1964-07-31,-0.23279002704277726,0.17833279321081008,0.00039674688745672417
1964-08-31,-0.23608113782404683,0.1748884074134567,0.0032391442608239603
1964-09-30,-0.23854974616532598,0.17352583293579446,0.00515169513709768
1964-10-31,-0.24171729663578356,0.16951838553088602,0.007600098372332463
1964-11-30,-0.24668899903132635,0.1658305342069412,0.011123968293087797
1964-12-31,-0.2493391441355571,0.16626230267438583,0.0046264919539979535
1965-01-31,-0.2183369671406503,0.16375225394292875,0.02921193740620574
1965-02-28,-0.22186473074707314,0.16204850847450128,0.020183655611525953
1965-03-31,-0.2263309588235014,0.1629884448543221,0.02243051615203646
1965-04-30,-0.23191383151688097,0.1624448420584937,0.02220528487809209
1965-05-31,-0.2260494904481302,0.1563908073234642,0.026058486767141727
1965-06-30,-0.22472013568004137,0.15160112165693967,0.027130415469862904
1965-07-31,-0.22747544348914728,0.1500982108848202,0.027663078875175884
1965-08-31,-0.22795296281121166,0.15132018403917782,0.02780650968539689
1965-09-30,-0.23186727439814542,0.15077835466180606,0.028562027074894955
1965-10-31,-0.2363045184808858,0.1503437600630019,0.030580699918978247
1965-11-30,-0.24264489365241215,0.14970182923783626,0.02490578606273645
1965-12-31,-0.24675041293757305,0.14858810079967247,0.023378570412558412
1966-01-31,-0.2185288305110998,0.1629574341317936,0.029773523426298205
1966-02-28,-0.22553839702845807,0.16252395815901124,0.02654985931783023
1966-03-31,-0.231889702225898,0.16256903996412053,0.020222615305559844
1966-04-30,-0.23655901398227985,0.15961935846855188,0.020788494372363697
1966-05-31,-0.24171624992300986,0.1572927150095271,0.022564859011278412
1966-06-30,-0.2228759424836515,0.14792153306869205,0.04027696195358635
1966-07-31,-0.22893551152199962,0.14694812756626857,0.03402308669848386
1966-08-31,-0.23289812815511768,0.14504652924752573,0.03427793432039188
1966-09-30,-0.23604811783968643,0.1447487062533055,0.03407231017518243
1966-10-31,-0.23933002381389396,0.1423322903041175,0.034902064393622714
1966-11-30,-0.24494737780444759,0.1404943443674527,0.03491010389477369
1966-12-31,-0.24649835733052086,0.14053459328700785,0.034595657232183934
1967-01-31,-0.21870678903126842,0.19075842517465622,-0.012050017792394105
1967-02-28,-0.22443579596990276,0.19372051103104415,-0.011418616419287642
1967-03-31,-0.23066278336626367,0.18959343722117353,-0.010491119539421242
1967-04-30,-0.2360255361822979,0.1899867145689373,-0.0076830275912997065
1967-05-31,-0.24172400360804872,0.18780784413060242,-0.006465892034118573
1967-06-30,-0.24564033711269034,0.1831836630212619,-0.003980586593896946
1967-07-31,-0.24285975601682383,0.18351944296084297,0.0005278255566066487
1967-08-31,-0.24789807201260283,0.17855817542710098,0.003053871130861105
1967-09-30,-0.25325047317913696,0.17604442201463838,-0.0007542697270054822
1967-10-31,-0.25776369342331024,0.17376330425545686,0.0023240269236275567
1967-11-30,-0.2580276594281669,0.1715480276536084,0.004163159413228574
1967-12-31,-0.2556372549761867,0.16998672200567297,0.008037572056974673
1968-01-31,-0.20709431893287544,0.17811436995145571,0.0032898173228026995
1968-02-29,-0.2158887618706031,0.17836654412486425,-0.01935735747866246
1968-03-31,-0.22006065238951186,0.17350085659068493,-0.014562396657175026
1968-04-30,-0.22510999846052057,0.17077436945695504,-0.010803092848695503
1968-05-31,-0.22994633830335323,0.1680525334159135,-0.0065315091699839276
1968-06-30,-0.2333193678351019,0.1666987465092467,-0.010333587456381358
1968-07-31,-0.23540611678417125,0.16256583031633726,-0.004285616204232901
1968-08-31,-0.23998253145346188,0.1595282501708054,-0.0032247921004429267
1968-09-30,-0.24454298021209828,0.15990608938620055,-0.004577394340691036
1968-10-31,-0.24796846924118077,0.16290793194781766,-0.002371657366035107
1968-11-30,-0.2498037586150565,0.16448499737304764,6.386274205986063e-05
1968-12-31,-0.2529547017277826,0.16436292992577073,0.0038175715688185167
1969-01-31,-0.20961734858177775,0.1523133162984494,-0.0009886754683551262
1969-02-28,-0.2158416816592676,0.14932701696337206,0.002732068471367233
1969-03-31,-0.22007247319254583,0.14787533512912382,0.0035559485848456604
1969-04-30,-0.22623975898915907,0.146448126541415,0.006259224961760041
1969-05-31,-0.23182396988240264,0.14510974183801448,0.005754755403378706
1969-06-30,-0.23611071292020025,0.1451914599450877,0.008290311688546256
1969-07-31,-0.23887746821800535,0.14494963881569436,0.012337414594136084
1969-08-31,-0.24120186498960253,0.1454471007669731,0.013323818946054493
1969-09-30,-0.24278335244766538,0.1426151782668465,0.015471707556506491
1969-10-31,-0.24430851351278984,0.14053359441274346,0.017060642497636263
1969-11-30,-0.24655654296193844,0.1367136670493934,0.020385933010331432
1969-12-31,-0.24559289172351847,0.13634152956294096,0.020979242749231367
1970-01-31,-0.17763519352714852,0.1332585133184798,0.029856626697460857
1970-02-28,-0.18554179837626167,0.1334556780861118,0.02994157500068027
1970-03-31,-0.19368524922004,0.13295098930223018,0.028949348925474027
1970-04-30,-0.201962084291113,0.13222842070225388,0.02710284445772436
1970-05-31,-0.20742676205925306,0.13148249981913016,0.028214187921716996
1970-06-30,-0.21405069199878587,0.12999829512055636,0.029563631966636958
1970-07-31,-0.22007952764928254,0.13039361316626874,0.023628876444140905
1970-08-31,-0.2250417375303675,0.12892377613832698,0.024394212047544335
1970-09-30,-0.23091700741711876,0.1283223100034095,0.026780334733440304
1970-10-31,-0.23499167878970523,0.1274873995408065,0.028229997070512287
1970-11-30,-0.24058446053561955,0.12607590697531917,0.027190093143562157
1970-12-31,-0.24582467516745746,0.12851806119830247,0.024023821215515096
1971-01-31,-0.11704835262409492,0.12153331510855322,-0.0572876987894232
1971-02-28,-0.12522345794015305,0.12168634795553071,-0.05176376679102298
1971-03-31,-0.13330500946923016,0.1203342395500967,-0.04449298984789212
1971-04-30,-0.06474810701909166,0.0900376872903118,0.01803778590558024
1971-05-31,-0.07272811745531921,0.0912143694362849,0.021151242227132383
1971-06-30,-0.08408682735049205,0.09138479273805337,0.023956383684705027
1971-07-31,-0.087981557814383,0.09119195636485991,0.029951108074540114
1971-08-31,-0.09853649699814003,0.09194373265007412,0.03334110730180609
1971-09-30,-0.10628976809238903,0.09437528061483987,0.03544908223533278
1971-10-31,-0.11829506561251045,0.09551041378051932,0.036736468135761605
1971-11-30,-0.13021048532430235,0.09594495919818045,0.037420703029480716
1971-12-31,-0.13573863567025068,0.10632911624867905,0.03769372693729673
1972-01-31,0.010831054812857484,0.16444238272350137,-0.03456433916251852
1972-02-29,-0.004115110079221305,0.16110260664270712,-0.03100951373956137
1972-03-31,-0.018285960529648305,0.16013937332375225,-0.029273103572221928
1972-04-30,-0.03503065393511799,0.16048192617602414,-0.024713900688598155
1972-05-31,-0.046494077350073854,0.15690418964399874,-0.021343733155963034
1972-06-30,-0.056106747879797934,0.1528157231009891,-0.016050370463012918
1972-07-31,-0.0527969185580592,0.15040864379845126,-0.004887227034853604
1972-08-31,-0.06327296542383085,0.1487473573724281,-0.0016871363647625534
1972-09-30,-0.068727212624226,0.14391372071769723,-0.000780475800118495
1972-10-31,-0.07919618557206845,0.13932333183594228,0.0030569502811896992
1972-11-30,-0.08943827780161115,0.14010874202537105,0.0069983308801422036
1972-12-31,-0.09244101190801247,0.1705206938996226,-0.0164523026621235
1973-01-31,0.16947656012604395,0.25915696995989235,-0.1139203753207817
1973-02-28,0.16366040047149125,0.2539876293070304,-0.111587809827108
1973-03-31,0.143375250504346,0.24466424512368312,-0.10213111291200747
1973-04-30,0.14129919588918927,0.2343035552699632,-0.1012881637044915
1973-05-31,0.12898204083589965,0.2320445703215691,-0.09408904758480681
1973-06-30,0.11516351630716219,0.22540591209993768,-0.08470750392867117
1973-07-31,0.15090541136197005,0.2191026688835035,-0.08735928898095847
1973-08-31,0.15817325901710802,0.2101742720404511,-0.08111403014960608
1973-09-30,0.14789421260347715,0.2055999318746441,-0.07156334310846571
1973-10-31,0.23079860138232264,0.1946254552947996,-0.15037048401326691
1973-11-30,0.2094936397495494,0.18868078491133103,-0.14254157766265693
1973-12-31,0.1960157450053887,0.19539413190686725,-0.13833180777995907
1974-01-31,1.5806401634553293,0.3970687848190415,-0.4154053358291921
1974-02-28,1.5045438085094445,0.3913720363002248,-0.3840883919657585
1974-03-31,1.4173462401266856,0.37577741016192534,-0.36109996331591154
1974-04-30,1.37420121048687,0.3462521934148242,-0.32760583592379194
1974-05-31,1.2876117615690235,0.33662329782406664,-0.31896045193753164
1974-06-30,1.2128571888536042,0.32481405277806846,-0.29205618236887604
1974-07-31,1.1434054322015088,0.3082296676675465,-0.2747803102998592
1974-08-31,1.0709608068463272,0.2975807860419748,-0.25552751235953336
1974-09-30,1.0182564146923065,0.3001519587897901,-0.2443886158025404
1974-10-31,0.9485185189892151,0.2877214426360098,-0.2288280869425235
1974-11-30,0.8877286190580548,0.29114227050817526,-0.21034296370158895
1974-12-31,0.8265712935244935,0.29079214234146444,-0.1938929495527178
1975-01-31,0.828555993689169,0.24570715673535035,-0.19442009708291455
1975-02-28,0.7755220569596938,0.2436222589794095,-0.18077012118366648
1975-03-31,0.7208692575637909,0.23831940113832575,-0.1584167903945645
1975-04-30,0.6962061002443547,0.22855757003438934,-0.12860097675215662
1975-05-31,0.6548462084218947,0.22479217698914117,-0.10676463726544272
1975-06-30,0.6024537707400539,0.21946529299873835,-0.09560569431268393
1975-07-31,0.5580605960933107,0.22131175052610558,-0.09601247641027906
1975-08-31,0.5154196846994521,0.2127546025023237,-0.09064851699096876
1975-09-30,0.47140571023172156,0.20643736637342036,-0.08100478607895382
1975-10-31,0.4280612305503235,0.20049220726458508,-0.07240030800898019
1975-11-30,0.3872285704403662,0.2074072745582657,-0.07450239788817158
1975-12-31,0.34977158484971105,0.20737081117434494,-0.06575292829749595
1976-01-31,0.36292134401873277,0.2050636259984157,-0.053063074231070345
1976-02-29,0.3263586833091737,0.19605475749117676,-0.04281409966231226
1976-03-31,0.2925056031772548,0.1914201996391647,-0.03409958172003975
1976-04-30,0.27410698869246186,0.18137924364605948,-0.01824234461687708
1976-05-31,0.24576210475777793,0.17670488980151086,-0.009894376851532098
1976-06-30,0.2220563584107506,0.17566890638512198,-0.005034645073228949
1976-07-31,0.2071310662044205,0.17365793313538314,0.00664130001604979
1976-08-31,0.19563560426880486,0.189113158709724,0.026280065377884597
1976-09-30,0.16953505692205148,0.18567031246324664,0.02879273403748219
1976-10-31,0.14430969108186556,0.1791477308911162,0.031522908633717
1976-11-30,0.11958125924497981,0.17619875846379832,0.029131239672246442
1976-12-31,0.09481077767360016,0.17141998094625321,0.030577859275624994
1977-01-31,0.5041499657005553,0.4035356629982175,0.5968781522073232
1977-02-28,0.4734025027738892,0.39119412021297106,0.571130787464432
1977-03-31,0.4423882270133913,0.37756342561975353,0.5518552478709591
1977-04-30,0.4393971561031539,0.3733901498204164,0.5641453455684853
1977-05-31,0.4140908647168226,0.3562721617557168,0.5492360834697116
1977-06-30,0.38366530265313037,0.3440604272895731,0.5242618306472568
1977-07-31,0.35363300206517817,0.332410484113762,0.493699251161895
1977-08-31,0.32215426074031894,0.3195131423386455,0.4734392397488927
1977-09-30,0.2871813389111988,0.30642418721349385,0.4507633283184951
1977-10-31,0.25574072410694654,0.28736371397918475,0.42829726492519027
1977-11-30,0.23389717112939218,0.2742600041647781,0.4123935240603688
1977-12-31,0.20592833485371687,0.2690289778620861,0.3929127054770207
1978-01-31,0.20272740613243995,0.23436474697886628,0.3823250133789972
1978-02-28,0.1747981313776216,0.2290019487693611,0.3591218814483368
1978-03-31,0.1536807356747435,0.22724697481301862,0.33675332130446567
1978-04-30,0.1665858022359593,0.2047876376624933,0.34910019802137204
1978-05-31,0.1528831038427036,0.19663125182067318,0.3361548440051243
1978-06-30,0.1254787479833621,0.1932963772199111,0.30575735642187796
1978-07-31,0.10455696662263575,0.18837055652383863,0.29049783029574117
1978-08-31,0.08339092569546612,0.18492245270534607,0.2774978098037279
1978-09-30,0.06599187600254429,0.18344932500081437,0.2664414580281795
1978-10-31,0.048876727784706614,0.17659492464149035,0.25757331004220985
1978-11-30,0.03484024251068359,0.17578083947491455,0.2437286356187654
1978-12-31,0.029453743406771114,0.17127777347066023,0.22319626422567498
1979-01-31,0.07898220805623765,0.13047533339731943,0.1863455077456169
1979-02-28,0.08248971721798075,0.1304912579255815,0.1574269026759532
1979-03-31,0.06441833715319248,0.12261907067325285,0.14856129699833326
1979-04-30,0.12629972620694055,0.08568175768639343,0.19292494139141836
1979-05-31,0.19868883899048245,0.08008464125664717,0.12184032791244735
1979-06-30,0.18453655121393978,0.06859831158700527,0.11187632589928369
1979-07-31,0.18204872299352462,0.08093093925558527,0.11334669465593307
1979-08-31,0.16414954139554044,0.08111226484359918,0.11021253424113565
1979-09-30,0.14753146066833805,0.08247775803224926,0.1088895469780568
1979-10-31,0.1270648274195938,0.08652052535385084,0.10538483299779715
1979-11-30,0.10230330522507693,0.09209454474887255,0.09954763410287698
1979-12-31,0.09438485716310994,0.08783828076488821,0.10898043373146996
1980-01-31,0.12218637304186052,0.019419532569347264,0.11352766266663791
1980-02-29,0.10787864187632762,0.029866440114804237,0.10851939591074475
1980-03-31,0.10023404610954259,0.03313735774354227,0.10611928873751236
1980-04-30,0.11393890375106755,0.030818006145495628,0.12822499109228025
1980-05-31,0.09867475447374405,0.05036897526092626,0.12595540564923116
1980-06-30,0.08467025603058352,0.05711918319422862,0.12291367148457845
1980-07-31,0.0805243380562912,0.060168496522976865,0.11033457914651498
1980-08-31,0.06580171871726537,0.059315084116388236,0.10140723247799599
1980-09-30,0.0457413341354651,0.057130301768517584,0.08483763359234502
1980-10-31,0.03725398264073802,0.053551165199069876,0.06330614355937171
1980-11-30,0.027006943841102932,0.06225872365707258,0.04966987760881554
1980-12-31,0.020692084698163908,0.0685420779654285,0.050949597128639924
1981-01-31,0.004513797332192831,0.06645639524021511,0.050145191251480974
1981-02-28,0.008291527980266823,0.07380515996273926,0.03303186351783088
1981-03-31,-0.0069413560433997,0.07623324031753083,0.03347718265822143
1981-04-30,0.04610730928449524,0.08773221398753886,0.01862663525435763
1981-05-31,0.08908543254459146,0.09548393496648727,0.008478114392380826
1981-06-30,0.07037789837829739,0.09533124284170501,0.00389383956628186
1981-07-31,0.06022863184763174,0.09734137840822633,-0.0007313452658157313
1981-08-31,0.044567067981557275,0.09677917557335569,-0.0007124503961079747
1981-09-30,0.03560198687300778,0.10414479890307582,-0.016559395483869418
1981-10-31,0.021352522012447264,0.10588487016765223,-0.00857510136932976
1981-11-30,0.011651172537334014,0.10679140520482569,-0.005085639742276785
1981-12-31,-0.0038193501329136094,0.10792827010754229,-0.004425001421115088
1982-01-31,-0.007400118454126039,0.10202055786483487,0.007482079107715071
1982-02-28,-6.368843579853684e-05,0.1016098978577011,0.0013068646097722158
1982-03-31,-0.008156452448862787,0.08792941984725999,0.0008247536723860662
1982-04-30,-0.015028177596029616,0.09180529172331324,-0.003226529738583015
1982-05-31,-0.02439624792339262,0.08910828470050461,-0.0042297790005810096
1982-06-30,-0.03221778383308798,0.09051729716909945,0.0019700444035881414
1982-07-31,-0.031096326729674575,0.09334624293966631,0.011473124876253606
1982-08-31,-0.04335546791392612,0.09670020814704412,0.013854122297274351
1982-09-30,-0.051674661754516786,0.09741885301658469,0.013177868667072724
1982-10-31,-0.06598533213578174,0.09721424108604657,0.011826816514683187
1982-11-30,-0.07262856126459426,0.09207123486044298,0.009602504295680851
1982-12-31,-0.06284520561458903,0.09578046506716206,0.024360507118238756
1983-01-31,-0.053059735391868174,0.08518952461968858,0.04973968410810696
1983-02-28,-0.06049956764107851,0.07978216465244048,0.044563960908645214
1983-03-31,-0.06592723804625215,0.07436840268222977,0.04559072987152656
1983-04-30,-0.05726361098134304,0.07312778122447566,0.03890760907976645
1983-05-31,-0.06569055670456418,0.08739004208903994,0.04177909676798745
1983-06-30,-0.06432055411616133,0.09430403960570928,0.03131960943016163
1983-07-31,-0.06273925011620728,0.09490850801939525,0.03957504350976563
1983-08-31,-0.05033485703606555,0.10945313943340389,0.047435115057397684
1983-09-30,-0.06075850411019172,0.10527820390122317,0.030909734526682543
1983-10-31,-0.0648009056445961,0.10160080907753852,0.032782710884393794
1983-11-30,-0.0766734069308945,0.1041293481184963,0.029332765211331713
1983-12-31,-0.08851940283465631,0.10606184863373465,0.02939272669075542
1984-01-31,-0.07943734824631883,0.10002456738473878,0.05031704153005641
1984-02-29,-0.08015127269438148,0.0963218921583308,0.0507853039138406
1984-03-31,-0.07720103830336555,0.09795462166436651,0.042372588236504825
1984-04-30,-0.08063267713192795,0.09582654305697158,0.044772554151583835
1984-05-31,-0.08132321440692238,0.09671367503958421,0.045625563605069565
1984-06-30,-0.08318091194806866,0.08233726616180208,0.045785378399240705
1984-07-31,-0.07716099852752237,0.09021352606538734,0.03638180735914745
1984-08-31,-0.08874496269155399,0.09074273785174951,0.033294879856983886
1984-09-30,-0.09690462977340751,0.0897448323800632,0.03313695010986016
1984-10-31,-0.09943142204903581,0.10226131984570479,0.026538814648857153
1984-11-30,-0.1011643244973736,0.10748369582625035,0.021368165972739654
1984-12-31,-0.10947316922305157,0.1073176384693318,0.019257105742413478
1985-01-31,-0.11305223599494878,0.10475619973874034,0.017051443463984246
1985-02-28,-0.11934149906510573,0.10181005790405101,0.012536492701510379
1985-03-31,-0.0837963450704734,0.11672111370230549,-0.004916080130296814
1985-04-30,-0.08555111793836544,0.11308873196077834,0.0002054042174268804
1985-05-31,-0.08181215622710221,0.10841429390084023,-0.0014760014630690232
1985-06-30,-0.09152268306201775,0.10824770724642853,-0.00387507505699338
1985-07-31,-0.09929057985507575,0.10725398729611897,-0.005035714626411521
1985-08-31,-0.10274113298869601,0.11426283723920841,-0.01719556045996516
1985-09-30,-0.11135303513171745,0.11458714402106938,-0.014798543016673693
1985-10-31,-0.11771839853323408,0.10973427975271403,-0.0214268884688831
1985-11-30,-0.11931521830090439,0.10789831791147772,-0.021563053733172587
1985-12-31,-0.11230449620095774,0.10040708365792637,-0.02825473760876704
1986-01-31,-0.10918785535604844,0.08313433261242313,-0.025435298652329293
1986-02-28,-0.033622659462016605,0.06710858658712965,-0.09311169985663305
1986-03-31,-0.01710221856229224,-0.0030727058434529366,-0.11259154945725768
1986-04-30,-0.028492101002017815,0.010966499871580293,-0.10125644259513855
1986-05-31,-0.01572485065466568,0.0006711918209438332,-0.11920289074934573
1986-06-30,-0.021548554376823906,0.002933954905257363,-0.11519821459640754
1986-07-31,-0.024910076656846407,0.005086883386966082,-0.11163369208710755
1986-08-31,0.055301633742357,-0.022488058016753937,-0.18278580183997206
1986-09-30,0.04441786926074516,-0.01922899543022255,-0.18124532056551446
1986-10-31,0.040858248446249565,-0.016334507726779534,-0.1739693292239026
1986-11-30,0.03491787645887822,-0.0336244644249156,-0.16989163911714159
1986-12-31,0.020841068606168384,-0.03425204496824517,-0.16530560320757748
1987-01-31,0.04191348075929422,-0.053030406815036964,-0.1653622170358265
1987-02-28,0.031070936149719824,-0.04717216452187014,-0.1533489380901355
1987-03-31,0.014273832215148934,-0.04048656975041636,-0.14326539898708454
1987-04-30,0.019443434780957714,-0.03344644487446666,-0.13161698692021273
1987-05-31,0.01142081141510093,-0.02265205501528189,-0.1331952574688926
1987-06-30,-0.0036562750540235093,-0.01904313183640333,-0.12555975692213703
1987-07-31,-0.014471939356049724,-0.015423479492555894,-0.11268803256621211
1987-08-31,-0.02634423016443791,-0.011651413202649504,-0.11261282176541682
1987-09-30,-0.031214407970181452,-0.010144490971878804,-0.10693944636106015
1987-10-31,-0.04256266369155619,-0.0053861751343628065,-0.10722492840724758
1987-11-30,-0.05019682014062812,-0.005214904654552442,-0.1214624840492146
1987-12-31,-0.0553686764062477,-0.013844190348540944,-0.11352804755742596
1988-01-31,-0.058146484808334224,-0.02347621853744369,-0.10624771253858953
1988-02-29,-0.06439217544721422,-0.014951240736409313,-0.10173965237926605
1988-03-31,-0.06457801937381649,-0.043097642562931145,-0.09960841858820868
1988-04-30,-0.06355978859996142,-0.03771641843709411,-0.10501531241784377
1988-05-31,-0.056974545053488146,-0.037543760869177774,-0.09180122260228861
1988-06-30,-0.04258242693671974,-0.03523258530057872,-0.08433418763737915
1988-07-31,-0.04847979193524724,-0.03080464631577654,-0.09385676664405317
1988-08-31,-0.04397371085181337,-0.018284037301788906,-0.08978527178533693
1988-09-30,-0.04984888768310093,-0.006535968231736339,-0.11406603488623265
1988-10-31,-0.057779228265122946,-0.005778237511875222,-0.11247714366452721
1988-11-30,-0.0683910502596892,-0.0005960965350136697,-0.10690920962201356
1988-12-31,-0.056113368765913864,-0.004438126336427564,-0.1251129795291527
1989-01-31,-0.04846211150205933,-0.012754118792131293,-0.11544129197661226
1989-02-28,-0.06075138559310716,-0.008090030224018786,-0.10530758975964821
1989-03-31,-0.06781329175785232,-0.007443630456844596,-0.11134593699261904
1989-04-30,-0.0720371644944845,-0.008510864802584306,-0.10143540829931104
1989-05-31,-0.07490975907059,-0.008860159020337597,-0.09732854156635833
1989-06-30,-0.07767323242659828,-0.007444999843792746,-0.09529358874809524
1989-07-31,-0.08560797896437425,-0.0031182204428735322,-0.09143606977653103
1989-08-31,-0.06552410246238197,0.010799892745248741,-0.10271763959214776
1989-09-30,-0.06101265370416169,0.009144269411650847,-0.07977912015470814
1989-10-31,-0.06937001164066492,0.009229833192088473,-0.0746320693974257
1989-11-30,-0.06167384678115455,0.00018452779798138762,-0.07531349931076407
1989-12-31,-0.06789140835453594,-0.0020051172376572115,-0.07433803191109373
1990-01-31,-0.041749170804905346,-0.03765361606564697,-0.0682118699601069
1990-02-28,-0.047173289828609355,-0.047708298180963074,-0.06725891253577412
1990-03-31,-0.03652037127803354,-0.05742501078957545,-0.05812426541834165
1990-04-30,-0.031248240324634868,-0.04914024255600642,-0.047098471955482765
1990-05-31,-0.04126953984605325,-0.045355155180143186,-0.04543560129032635
1990-06-30,-0.04686843053977509,-0.038583698768209815,-0.03962486206368072
1990-07-31,-0.04168142913840188,-0.033975708282038476,-0.050626645694832446
1990-08-31,0.06979107791480776,-0.08129484006362199,-0.16942649383904276
1990-09-30,0.07198791259579011,-0.07884630670093287,-0.17562692248142295
1990-10-31,0.10082352839298736,-0.06376475306925332,-0.19327252785843269
1990-11-30,0.0999563963651229,-0.07203592742428562,-0.193010034676566
1990-12-31,0.09344047538046688,-0.06736497910324826,-0.19468141609189088
1991-01-31,0.09159588367224444,-0.07494335561599322,-0.19849364728741353
1991-02-28,0.08710130385435619,-0.08115990466217937,-0.1976245323976829
1991-03-31,0.07139722201419516,-0.07737516117031565,-0.18786118650496883
1991-04-30,0.05539138783038036,-0.06854505154804864,-0.17499762163092533
1991-05-31,0.0422159308613705,-0.060219406697802076,-0.16515523462106435
1991-06-30,0.027339184988658047,-0.04604681765186518,-0.15805985175309337
1991-07-31,0.01670289618451002,-0.02994853236695965,-0.16536049148424692
1991-08-31,0.0013779068620317174,-0.028016140806008533,-0.1587730234090064
1991-09-30,-0.011372791802382442,-0.03337440804516093,-0.15369194301852412
1991-10-31,-0.02438129876561903,-0.026865242125285394,-0.14972581313210204
1991-11-30,-0.03746389147034289,-0.017343680418704127,-0.1414978847400173
1991-12-31,-0.04100271113450108,-0.01316239663720892,-0.13894503518937354
1992-01-31,-0.046398841518129105,-0.03773235791636784,-0.14699546421060242
1992-02-29,-0.060163673312549994,-0.03069933661510791,-0.13612771600649873
1992-03-31,-0.071760714919403,-0.02608632417920243,-0.12475977728577971
1992-04-30,-0.07732556533601713,-0.02000864124557059,-0.12579522562610596
1992-05-31,-0.07508894041420582,-0.022674303013499413,-0.10757875682302737
1992-06-30,-0.08459070850854332,-0.01955003915398047,-0.09852840779880191
1992-07-31,-0.08903522678684099,-0.017782407167894206,-0.09242891442630108
1992-08-31,-0.09615774350704474,-0.013191601418010719,-0.0955430466882542
1992-09-30,-0.10568284062848589,-0.014495013459585102,-0.09171608358810728
1992-10-31,-0.11012895169617479,-0.012551402147657053,-0.09198170406288637
1992-11-30,-0.11143570802677892,-0.011234698601711784,-0.08931366978866365
1992-12-31,-0.11782770949137765,-0.005893339974454993,-0.0856624317948462
1993-01-31,-0.1265508751746397,-0.006765310544662187,-0.11126086232965736
1993-02-28,-0.127259861654811,-0.00886667420605766,-0.10385900874328152
1993-03-31,-0.11188711862208355,-0.014605723673028722,-0.1000764762814016
1993-04-30,-0.11699217866362903,-0.007826428000818253,-0.09747267053571795
1993-05-31,-0.12205703831924011,-0.010018847913525942,-0.09628185792523467
1993-06-30,-0.1279088866485422,-0.011307149332593308,-0.09224181650926892
1993-07-31,-0.1237399057908195,-0.004684186770176786,-0.08817798000009935
1993-08-31,-0.13044376246498532,-0.001237296783010664,-0.08113809902166408
1993-09-30,-0.13458310139429083,0.005887377617295529,-0.09176836728007641
1993-10-31,-0.13095576449785454,-0.002389868079803754,-0.08742935347511427
1993-11-30,-0.127979157518599,-0.0023331434997650538,-0.09367871704994338
1993-12-31,-0.11746359674567264,7.441875143029169e-05,-0.0946194371843014
1994-01-31,-0.1190971778788308,-0.0018631400184632003,-0.09724117789251514
1994-02-28,-0.12237072320777635,-0.006130016828931697,-0.09086858301976526
1994-03-31,-0.11456241342299602,-0.0038871030207672315,-0.10756872379771877
1994-04-30,-0.10940448423790175,-0.003936773316284493,-0.11144394840689911
1994-05-31,-0.08398862546917056,-0.01610515395243168,-0.09632068536779073
1994-06-30,-0.09275035308270994,-0.013340385413054715,-0.0953453531852774
1994-07-31,-0.09779321910475104,-0.006129141905846043,-0.13019096766195437
1994-08-31,-0.0877334386822813,-0.008562476117983126,-0.13129160964972042
1994-09-30,-0.09550695721804908,-0.0089808611017301,-0.12346822534915838
1994-10-31,-0.10602820503249724,-0.004383530549116898,-0.12087893340612928
1994-11-30,-0.10323496843840191,0.0038261913640858605,-0.10179028404259316
1994-12-31,-0.10734529827596201,0.009407937619799241,-0.13436357243735111
1995-01-31,-0.008098804665649972,0.05271143223488993,-0.20816457018056084
1995-02-28,-0.018475043640124516,0.053187033679237,-0.20213219455395556
1995-03-31,-0.0340962853280065,0.05511340703885963,-0.19638916474506596
1995-04-30,-0.04085860446784413,0.0551427231198697,-0.18619170583492056
1995-05-31,-0.03451741327913122,0.05583664910801736,-0.1728463521272482
1995-06-30,-0.015241780984714869,0.05432802674440473,-0.1793505231299307
1995-07-31,-0.018840128081823098,0.04976270114822083,-0.17488844766721556
1995-08-31,-0.02835694587611988,0.04838854910218404,-0.16046923004040137
1995-09-30,-0.03988265114854021,0.049187891913759774,-0.14897166047068225
1995-10-31,-0.052607779313065664,0.04764539137992604,-0.14224466417402468
1995-11-30,-0.0585465800442003,0.03811476972002208,-0.132315065742072
1995-12-31,-0.05595010680445138,0.018408445429033426,-0.1292215806278606
1996-01-31,-0.06551935735056416,0.01993194061422617,-0.1145932727962108
1996-02-29,-0.07210398466029075,-0.01627498595107975,-0.12242666966881631
1996-03-31,-0.06934970129466698,-0.05396501931262875,-0.12433974087556135
1996-04-30,0.011919590595284732,-0.04477653898405568,-0.161286300546644
1996-05-31,0.006467474751058012,-0.04564873952250786,-0.15711899308149666
1996-06-30,-0.0045021085660301805,-0.04559442052996273,-0.14692080166632612
1996-07-31,-0.014941031458159412,-0.040992606108951515,-0.13672916307206465
1996-08-31,-0.02364073297255207,-0.04230475277346362,-0.1268171067878926
1996-09-30,-0.031010516370230216,-0.041484890794980626,-0.12091879385105543
1996-10-31,-0.037607770178547655,-0.045509974356003874,-0.11582653498676758
1996-11-30,-0.041925052310569935,-0.05142764405710466,-0.11050378201122717
1996-12-31,-0.053851577388651414,-0.04888171048638905,-0.10475167737755876
1997-01-31,-0.06324027825143519,-0.04963499021083879,-0.1123776701755271
1997-02-28,-0.05284238859727358,-0.07037072632957814,-0.12273942016004898
1997-03-31,-0.05862154778859438,-0.07971469145694923,-0.11488302093385754
1997-04-30,-0.06381822348709856,-0.08276530277380388,-0.11348484925867314
1997-05-31,-0.05679138270798571,-0.07470073676846685,-0.1191428628143306
1997-06-30,-0.06293848300790014,-0.0755511915775086,-0.11521401060584888
1997-07-31,-0.06867008556026971,-0.07082009782920597,-0.10786841441669179
1997-08-31,-0.07319446738591218,-0.067721860140533,-0.10024920180092653
1997-09-30,-0.0809278997107707,-0.0685054273225786,-0.09223232799396525
1997-10-31,-0.08349601171265433,-0.06369702654280637,-0.09404331327674087
1997-11-30,-0.0897409372497564,-0.058858281487046256,-0.09196685272953091
1997-12-31,-0.08385629106441113,-0.07180004091673545,-0.09452817798707602
1998-01-31,-0.08289594458384564,-0.07093512070481431,-0.09691915661079695
1998-02-28,-0.08668703024839185,-0.06589672315310408,-0.09162437104891072
1998-03-31,-0.08579914447866456,-0.056758834613846496,-0.07840667842253933
1998-04-30,-0.08363763965052431,-0.04603304845887198,-0.11559025561310476
1998-05-31,-0.08244480804831525,-0.052358746737543746,-0.10973972530385796
1998-06-30,-0.08062753109663248,-0.04999091520389661,-0.10654076146186273
1998-07-31,-0.09215968273620824,-0.04188918757398399,-0.10832081906062441
1998-08-31,-0.09952186846735508,-0.04321176077656122,-0.10395715619283775
1998-09-30,-0.09658291754078026,-0.0456482304641121,-0.10855649881169192
1998-10-31,-0.09797414180054195,-0.04660770741618251,-0.10502097812057262
1998-11-30,-0.10172483089160365,-0.047548415265148955,-0.1339794003188597
1998-12-31,-0.10436880502603804,-0.05095304827626398,-0.13863132559974092
1999-01-31,-0.09879425698711813,-0.06314474356413047,-0.13691386285772147
1999-02-28,-0.06710247044048531,-0.03644193231544129,-0.07436200364235994
1999-03-31,-0.029966525413163553,-0.037687382237263076,-0.10029773160460212
1999-04-30,-0.004332381316557355,-0.06862343951588701,-0.10171269614819012
1999-05-31,-0.0026753695011129635,-0.06583247869251978,-0.08296361457132033
1999-06-30,-0.013702550278570752,-0.06624653293128217,-0.07425886113409508
1999-07-31,-0.01100447983596593,-0.06712206884584238,-0.0768155003743907
1999-08-31,-0.013051433055495953,-0.07982002026619968,-0.0685505455725018
1999-09-30,-0.017843043660383237,-0.07841123296535633,-0.058878529221077794
1999-10-31,-0.018596886939435238,-0.07937912581934765,-0.05550773170409495
1999-11-30,-0.024390611730911452,-0.06975061303227917,-0.05930144079983465
1999-12-31,-0.036897413716759184,-0.06511395608598676,-0.048974454614514086
2000-01-31,-0.028223103188873146,-0.06643851635354425,-0.06306281483826283
2000-02-29,-0.030120254823138008,-0.06455172689219538,-0.06024459819970382
2000-03-31,-0.0420975543396764,-0.05756389593132194,-0.05586747877077757
2000-04-30,-0.03137405261228503,-0.0533168592545594,-0.06960416144759947
2000-05-31,-0.014722192870651336,-0.060579022624016245,-0.06888028445438345
2000-06-30,-0.0191597772289968,-0.06443372276321306,-0.06669963749552293
2000-07-31,-0.02322242764305277,-0.06195126717472536,-0.06856273857606722
2000-08-31,-0.035945719507564984,-0.05566582173613622,-0.05989128647658206
2000-09-30,-0.03245853394886316,-0.047627651286400605,-0.06929820153979306
2000-10-31,-0.04012292455282319,-0.044921230902772225,-0.06538622442334617
2000-11-30,-0.04544052527769574,-0.04490221681420355,-0.05826326326954691
2000-12-31,-0.0023807570580559145,-0.13230303194948376,-0.09335408322255954
2001-01-31,-0.0008133515310015845,-0.12292043346415855,-0.09828502633747646
2001-02-28,-0.0029864881921667585,-0.13635575438065653,-0.10470370244165204
2001-03-31,-0.009758306112809145,-0.12185466077994497,-0.1127428966712555
2001-04-30,-0.01611182449019091,-0.11423842166112996,-0.09694353236429576
2001-05-31,-0.021548385400157542,-0.1154359661660883,-0.09349232065540437
2001-06-30,-0.03310421438982858,-0.11146745448450153,-0.0866774328409562
2001-07-31,-0.02084064371613829,-0.11938338568567503,-0.08231553487385525
2001-08-31,-0.03237840046506202,-0.10924251481851632,-0.07701798180238147
2001-09-30,-0.04214176339859905,-0.10499110039848875,-0.07955674591010026
2001-10-31,-0.03230377771082787,-0.10472242798743155,-0.09654943148850777
2001-11-30,-0.03844862388900228,-0.10278082498436769,-0.08828829688477198
2001-12-31,-0.05106056030253251,-0.09492050373378838,-0.0794772874977693
2002-01-31,-0.05499918428640919,-0.09706320572355796,-0.07304269752366838
2002-02-28,-0.05979601467020096,-0.087716182827795,-0.07429189447595758
2002-03-31,-0.042275922885405846,-0.1044941721303535,-0.09415205996323853
2002-04-30,-0.04228160520348508,-0.10884594134364842,-0.07811982229354414
2002-05-31,-0.05464289757763474,-0.10089013726116124,-0.06900086228618654
2002-06-30,-0.054458039217695736,-0.11167163219870575,-0.06242965004938845
2002-07-31,-0.05986746482105039,-0.10425401951001256,-0.06111979900365279
2002-08-31,-0.06248669023232136,-0.10088859730069763,-0.0585897947045129
2002-09-30,-0.06450112519529531,-0.10156274639158058,-0.058817646996839015
2002-10-31,-0.07210401974761987,-0.10658191621964754,-0.05289188481558079
2002-11-30,-0.07202616068325537,-0.094313253748066,-0.06764815598984025
2002-12-31,-0.07375650296307429,-0.0914948322255717,-0.10183213840827761
2003-01-31,-0.0714718330594641,-0.08934453041546252,-0.10357268375398365
2003-02-28,-0.06752856826047988,-0.11095754717646486,-0.10432886742374849
2003-03-31,-0.06062973736060095,-0.12452060934005464,-0.10020297755687523
2003-04-30,-0.04122855473761483,-0.1283680151586891,-0.11323351945978388
2003-05-31,-0.05370798737280729,-0.11678349699397682,-0.10729923544605391
2003-06-30,-0.06291795213060346,-0.11871890654837428,-0.09843687126945311
2003-07-31,-0.06737963301742139,-0.11989164957939678,-0.0862986011655667
2003-08-31,-0.07246529856866014,-0.11854797385840173,-0.07476711168339839
2003-09-30,-0.07475468556454566,-0.13176346690993448,-0.0707706725086139
2003-10-31,-0.06840379072902919,-0.13511406296619038,-0.06223731214795419
2003-11-30,-0.08127994169695497,-0.12125760828372398,-0.06374069814620255
2003-12-31,-0.08173196285711029,-0.13897972917445348,-0.05922091650563074
2004-01-31,-0.08507269024791603,-0.13490458695418595,-0.05190322044376541
2004-02-29,-0.08214095395483044,-0.12568967289128555,-0.05299672433306099
2004-03-31,-0.07822836460717185,-0.1325488333774465,-0.040591765622285586
2004-04-30,-0.0699813125529371,-0.1326796237276663,-0.022731228220672924
2004-05-31,-0.06362126214436682,-0.13262408976646312,-0.022690134917675884
2004-06-30,-0.05555795317915504,-0.13348127392140877,-0.02197542617713352
2004-07-31,-0.05425405798782599,-0.1265579085271392,-0.021300367921177878
2004-08-31,-0.05584998629277491,-0.1281215037814228,-0.01851753909551712
2004-09-30,-0.06088522801804372,-0.1316117679919126,-0.013067962645828114
2004-10-31,-0.059458109717860426,-0.14238322692457192,-0.017495038936993373
2004-11-30,-0.05206383846535921,-0.1392824276144346,-0.031040470720880165
2004-12-31,-0.045813235010610555,-0.13132894011990218,-0.036667937874785145
2005-01-31,-0.03502754415344596,-0.1539613338769895,-0.01646715305526559
2005-02-28,-0.05229907471343658,-0.1371063769830254,-0.04103621910821469
2005-03-31,-0.047033507192158416,-0.11975853320782921,-0.06024503679695676
2005-04-30,-0.04426467295399684,-0.11548722835125301,-0.056378868191159164
2005-05-31,-0.04912741944347099,-0.1115617316176855,-0.05365640127898457
2005-06-30,-0.04552786199471994,-0.10726928240580465,-0.06257909209827492
2005-07-31,-0.05406012349318619,-0.10985540881821218,-0.05700947947767362
2005-08-31,-0.05565152204113258,-0.11991098398173171,-0.05024700289425549
2005-09-30,-0.0636547137382976,-0.12935599009492027,-0.06429884629230602
2005-10-31,-0.06658069324437255,-0.12764781546439558,-0.0632992387804304
2005-11-30,-0.0631821627450248,-0.14613240188334914,-0.05905758964240327
2005-12-31,-0.06878103688809319,-0.14034818579043967,-0.054485871736225364
2006-01-31,-0.06122712924578852,-0.1623355154361365,-0.05431720902537661
2006-02-28,-0.061815539403707,-0.15910860386237183,-0.04334668786174963
2006-03-31,-0.06719230975229591,-0.1475074829545258,-0.03590167295725441
2006-04-30,-0.05282030228801784,-0.14986846834235604,-0.028841739577671836
2006-05-31,-0.057278997278501595,-0.14605235805158406,-0.02955632512628426
2006-06-30,-0.05840087731492248,-0.1343243689266609,-0.037469028552553234
2006-07-31,-0.06831102483442279,-0.13194307070244157,-0.03518075517052255
2006-08-31,-0.0731460738522933,-0.12464924159595951,-0.027371662498178684
2006-09-30,-0.054814916520144794,-0.14820743965318012,-0.03694766452836485
2006-10-31,-0.05670734531467322,-0.15345798812200784,-0.0361083045875925
2006-11-30,-0.060419437043592775,-0.15510680274935565,-0.0344498016057993
2006-12-31,-0.06497485556002391,-0.14550850029198611,-0.03362032930193964
2007-01-31,-0.0582430286285891,-0.1464716218450856,-0.034411988322210055
2007-02-28,-0.049864308095557044,-0.14676392647807976,-0.028456366496377252
2007-03-31,-0.050989258867533284,-0.1390171859712083,-0.02070772740024486
2007-04-30,-0.02529442085479704,-0.1424385851843206,-0.0015682364273314061
2007-05-31,-0.03870612374624302,-0.1370861033520691,0.004533706475610114
2007-06-30,-0.04399910363788283,-0.14416821910515817,0.007198184657383149
2007-07-31,-0.04602151710887076,-0.1413171884977701,0.0033357484191754955
2007-08-31,-0.04934170186089962,-0.13694220105218974,0.001901178912776577
2007-09-30,0.0012623657002879284,-0.11350537606962385,0.057617737899768616
2007-10-31,5.4158408129176815e-05,-0.11068649124381565,0.0717420236905733
2007-11-30,0.0036453513518235683,-0.11384422667758276,0.06583507926855875
2007-12-31,-0.005468164860613283,-0.10710451375298266,0.0648332813272189
2008-01-31,0.0024469492273209562,-0.10886078820173571,0.07002658106199802
2008-02-29,0.02446228139246349,-0.12309012539198348,0.07051069737505775
2008-03-31,0.02416308664497643,-0.11932077441880573,0.053877781640773906
2008-04-30,0.2025495365002886,-0.06437575112417461,0.2761986701339815
2008-05-31,0.2068333070218037,-0.06306494824940592,0.24888794789056856
2008-06-30,0.219588676714802,-0.1490381930737059,0.3251454270669884
2008-07-31,0.2141777792091622,-0.20570949639064387,0.303415684557934
2008-08-31,0.24864246991042743,-0.24683039302951637,0.27146634514811213
2008-09-30,0.257806171139394,-0.24251782939875643,0.2563501351255309
2008-10-31,0.37106467711888325,-0.29487967823293193,0.2537205154736817
2008-11-30,0.43029529684371226,-0.28899558110037793,0.22207054918588895
2008-12-31,0.4232675715036628,-0.2927848780590126,0.21372683295315453
2009-01-31,0.42488878603679914,-0.29015603372372195,0.21398971468223674
2009-02-28,0.39555342651237063,-0.2800652046632832,0.2035160670548016
2009-03-31,0.36953988969277385,-0.2760331106164204,0.18985643768997112
2009-04-30,0.3856739114254333,-0.27985164190415246,0.21281865751317472
2009-05-31,0.3711211238352223,-0.27733758999033065,0.2009005371478006
2009-06-30,0.36034608507970545,-0.26503512737577356,0.1927402354848208
2009-07-31,0.35671169530232577,-0.24327074485349232,0.22069164930141966
2009-08-31,0.3327549099815045,-0.23114311774404311,0.21079196840978234
2009-09-30,0.30476403376162764,-0.2159019858383063,0.20225603660815183
2009-10-31,0.2866037148394598,-0.23999612490098132,0.18787626889932382
2009-11-30,0.25789437942381993,-0.2329644588273602,0.18263537214375755
2009-12-31,0.24010280413859,-0.2543713705177947,0.1691965494090983
2010-01-31,0.22252472314467,-0.24245852241332314,0.17337786678580375
2010-02-28,0.20064967146415794,-0.2264842428609172,0.16326840865218126
2010-03-31,0.1849875603482814,-0.21442667542451965,0.15299616421049841
2010-04-30,0.17815692207006845,-0.20863102050052174,0.15561509943329757
2010-05-31,0.16719003464559812,-0.2039636226612263,0.14614277006758383
2010-06-30,0.14626214028542237,-0.19384745397862313,0.1335259629362783
2010-07-31,0.138709230405838,-0.184844872034797,0.12788749478221495
2010-08-31,0.13702036094693218,-0.17744334403332312,0.14104422480366574
2010-09-30,0.12434385428702144,-0.1649409515835522,0.13140800046049395
2010-10-31,0.10864783515569011,-0.16250897225381786,0.12691683920288657
2010-11-30,0.08950878477788174,-0.15376563437664026,0.11952205507968644
2010-12-31,0.0719223024580966,-0.14800968273759177,0.11544340901821985
2011-01-31,0.05624979740214322,-0.14459386681430356,0.11455385885140523
2011-02-28,0.06403763992260458,-0.13117722693240697,0.10492874839592893
2011-03-31,0.059581244630115486,-0.14100603652722246,0.10338455929238383
2011-04-30,0.06541407909290917,-0.1415469842629312,0.11262556205949781
2011-05-31,0.06335739860290071,-0.13891867226975446,0.10220635197927663
2011-06-30,0.1790473564710314,-0.08896681265178027,0.02541086328359806
2011-07-31,0.15946090423071158,-0.09299518470830333,0.03647690490140721
2011-08-31,0.1458966884323028,-0.09028215964461743,0.036996836690840605
2011-09-30,0.12511738063170436,-0.08506875685699712,0.03575100347015855
2011-10-31,0.11440613626649218,-0.08604792850743949,0.03984086151069228
2011-11-30,0.09966166725682399,-0.08801944457580162,0.03425223081994914
2011-12-31,0.08621703866314719,-0.08017376178198522,0.036983527555502896
2012-01-31,0.0753068449831119,-0.08010522246995377,0.03988486059871515
2012-02-29,0.0594104087558252,-0.08507194602996361,0.03631743750709585
2012-03-31,0.053152800434331356,-0.0740752811368027,0.04983661556194791
2012-04-30,0.0641082967743291,-0.06260820779835201,0.06180502676411817
2012-05-31,0.06915232602959702,-0.08520142176646558,0.053892088802526335
2012-06-30,0.06899563949222173,-0.08697020845752898,0.040281200578863925
2012-07-31,0.0893123586519803,-0.10396728353475616,0.04158543609557101
2012-08-31,0.09579350003184074,-0.10985454369914474,0.05734758371817687
2012-09-30,0.08111934745923859,-0.10818826617386251,0.060962944915049284
2012-10-31,0.06949115441191582,-0.11423881821725432,0.06662352146210383
2012-11-30,0.051564581131110156,-0.1030931046836904,0.06562889790271237
2012-12-31,0.03365530651437507,-0.0988928136121541,0.06639171012907487
2013-01-31,0.020026248095734115,-0.10535983136614381,0.06899681182623538
2013-02-28,0.004282671110658255,-0.09964698673939643,0.05933086598368628
2013-03-31,0.0011632298500378585,-0.09297153060247879,0.06554344169818418
2013-04-30,0.016102712455476845,-0.0752375646205504,0.09663352427137756
2013-05-31,0.033755243802876554,-0.05132327394364832,0.14290512325799754
2013-06-30,0.024357043363355226,-0.04448726525774762,0.14564790141236253
2013-07-31,0.01088091910796979,-0.04945919591163648,0.1405853838383029
2013-08-31,0.0032133662431019163,-0.050733345344274566,0.14024317694101177
2013-09-30,-0.0074084221951279386,-0.04588870245961841,0.1420965783063193
2013-10-31,-0.020823274800238874,-0.043693213628919515,0.13888390560152322
2013-11-30,-0.02850350660424004,-0.04446849035380601,0.13405889351825262
2013-12-31,-0.036260518382163334,-0.04808042804548294,0.13539576146243135
2014-01-31,-0.038936135905873547,-0.04695978212241177,0.13450437307988422
2014-02-28,-0.03188798887748372,-0.06585296534011484,0.13520871500871182
2014-03-31,-0.034348172571174666,-0.07902657398731348,0.1317146156398112
2014-04-30,-0.02405904917383492,-0.07637552853450033,0.1314114960522
2014-05-31,-0.033839088719670604,-0.07585417074344154,0.1324804444606317
2014-06-30,-0.04350082662604875,-0.07316471071806208,0.12551309195769672
2014-07-31,-0.046777453406305514,-0.07836048870093022,0.12127503521805354
2014-08-31,-0.052632875434573706,-0.08132480069169003,0.11607234430474367
2014-09-30,-0.06021213838539749,-0.07502074742595753,0.11145553360936343
2014-10-31,-0.057833824400407165,-0.07861084168879502,0.09732581912503938
2014-11-30,-0.056592630546206245,-0.07648079824915911,0.08776363403631765
2014-12-31,-0.036730795607965466,-0.08882256374307047,0.06254184097973867
2015-01-31,-0.02204151825990037,-0.09715970857392028,0.05042687128515813
2015-02-28,0.004201947132587539,-0.1055858948162445,0.02224772173166287
2015-03-31,-0.010053734901289227,-0.0964235534629413,0.026261952517898045
2015-04-30,0.014119607372950043,-0.11021778740837904,0.037578803024731565
2015-05-31,0.014618246382818178,-0.12079365007047688,0.0386664766707268
2015-06-30,0.004196852966382368,-0.10849790559494112,0.04277804334456966
2015-07-31,-0.00599053350785423,-0.10831590412697334,0.0424483788888151
2015-08-31,-0.006160030559549276,-0.11020877790983924,0.038088061000073524
2015-09-30,-0.02043554880935614,-0.10434800169373451,0.040523386153071043
2015-10-31,-0.026726243578181482,-0.09790932586562437,0.03988737161190549
2015-11-30,-0.032327123162632504,-0.09451440465236721,0.039965264539213334
2015-12-31,-0.03642232479569039,-0.09290986484581486,0.03687878660911545
2016-01-31,-0.02809584123952358,-0.09513080376493681,0.02114455569409771
2016-02-29,-0.009539975609771049,-0.09581316372499113,0.02083540545742388
2016-03-31,0.014485035549782572,-0.11932502176691662,0.005655291851060917
2016-04-30,0.02346318980347336,-0.1290004789891405,0.01500707286598745
2016-05-31,0.02441829467493288,-0.1266601968200321,0.01073893582510861
2016-06-30,0.035463122368686914,-0.14003172882957385,-0.0029226542424849533
2016-07-31,0.05076588984942246,-0.1397196501864373,-0.0121473063020445
2016-08-31,0.04313240627207069,-0.14294961756621813,-0.001971106949124818
2016-09-30,0.025755449313370638,-0.1343878494992066,0.0013514885794356445
2016-10-31,0.029887275006261173,-0.14867755205696243,0.004839919943055079
2016-11-30,0.025491891265750813,-0.14827602729069622,0.0090678933632329
2016-12-31,0.03552061297516771,-0.17382455455858262,-0.0019110606578962006
2017-01-31,0.023319229645029874,-0.16498728348393507,-0.0003586513462091846
2017-02-28,0.02606799155668827,-0.16515351012981455,0.014650661075099124
2017-03-31,0.029283997291864053,-0.16828117970719988,0.022646817026513246
2017-04-30,0.023925057413533065,-0.16660892380562184,0.03358590448404616
2017-05-31,0.019037558931929165,-0.1589613614925434,0.03278958197425672
2017-06-30,0.008852582540426153,-0.15209645078324152,0.031217183184534328
2017-07-31,-0.0018068106861551902,-0.14914784260337982,0.035234806675205316
2017-08-31,-0.004933802394179168,-0.15090528014714472,0.03752860908079014
2017-09-30,-0.011603641468814232,-0.13764738333274434,0.03536469602078879
2017-10-31,-0.02143566577799383,-0.1264860876642421,0.037866695442053136
2017-11-30,-0.030354648704922153,-0.11848913573533022,0.0359498999144811
2017-12-31,-0.027487936565127324,-0.10613775418499063,0.028545309549924486
2018-01-31,-0.02592458879654984,-0.13661842994447027,0.024304486264550146
2018-02-28,-0.028061468277789024,-0.14760697457635372,0.017814892746901026
2018-03-31,-0.03836361986477566,-0.13775518127053607,0.019906902667714544
2018-04-30,-0.04009739907590272,-0.13283533497217803,0.02587541260941991
2018-05-31,-0.04836359433772918,-0.12826099873722038,0.02491102714730225
2018-06-30,-0.055195108025656046,-0.1195492158820997,0.028398306826420097
2018-07-31,-0.06082167660512941,-0.11348831448113894,0.026688981013215502
2018-08-31,-0.06960045724682162,-0.11198953047508171,0.030585359732622195
2018-09-30,-0.07368233635740175,-0.10921011423682603,0.030561307138039843
2018-10-31,-0.0793884604655115,-0.09806985623584087,0.03402717282696769
2018-11-30,-0.04854569746778066,-0.11533806405538435,0.0043303216724355715
2018-12-31,-0.04161021439951487,-0.10819526063828279,0.0017953633648018553
2019-01-31,-0.04280853421666882,-0.11936721510825636,0.0022131040284733565
2019-02-28,-0.041269590812968306,-0.12690009303488178,0.0049763634755352
2019-03-31,-0.048765546183434524,-0.12328081576653406,0.014037879716618712
2019-04-30,-0.04132408874644007,-0.1255323549841291,0.027332258945791468
2019-05-31,-0.051984246357066194,-0.1175220526452914,0.03045803527665041
2019-06-30,-0.049011431664065214,-0.11684875423390437,0.027588058392344208
2019-07-31,-0.04038884963848212,-0.10468659354050384,0.05642569222276067
2019-08-31,-0.038855133061607865,-0.11474731267763967,0.06251840309241663
2019-09-30,-0.040281164985704644,-0.1192458505879264,0.05636753068680678
2019-10-31,-0.04557145198607325,-0.11836757419142746,0.056793754775487364
2019-11-30,-0.044780343516894285,-0.12921564349027226,0.061922431551774494
2019-12-31,-0.049524749445338384,-0.1345775231890032,0.061760691588732305
2020-01-31,-0.04964924796639247,-0.13668469171377964,0.06304021372107572
2020-02-29,-0.03739061481580749,-0.1415881444150636,0.05817255567879071
2020-03-31,0.035644695784102724,-0.17006550010316657,0.007040856025973488
2020-04-30,0.057039688230231166,-0.1889729932904329,-0.006680967078396628
2020-05-31,0.1319271677790226,-0.2312632067054411,-0.05536177442703767
2020-06-30,0.17694568289695753,-0.24117571811088262,-0.04186281869361462
2020-07-31,0.16587254676483193,-0.23381799256871788,-0.03438251708159516
2020-08-31,0.196928276142123,-0.27268141179192434,-0.040121503426120024
2020-09-30,0.18355646032592535,-0.26618078600723655,-0.035933498586470415
2020-10-31,0.16539112892179555,-0.2630062584389114,-0.03413771644734049
2020-11-30,0.15090195102525172,-0.2680157836289122,-0.020346646611951243
2020-12-31,0.14404697300222985,-0.2738442770674379,-0.014798764863252946
2021-01-31,0.12785540578641433,-0.26022374809047905,-0.013622524625409107
2021-02-28,0.16450571254744445,-0.31720336925731024,-0.025713271222867325
2021-03-31,0.1565753752753711,-0.34080189698326735,-0.016868714369415096
2021-04-30,0.1451165396821789,-0.32646277706159327,-0.006738077583084859
2021-05-31,0.12874358208806685,-0.31139827628117056,0.004725181417688256
2021-06-30,0.13605187646224162,-0.2929937147103221,0.03568313434843501
2021-07-31,0.12443268576267512,-0.2884559909530967,0.04832747984717908
2021-08-31,0.11647678227972123,-0.2808413604697319,0.06010642942658393
2021-09-30,0.10818879911648119,-0.2822481586274233,0.059021274523737836
2021-10-31,0.1640557355209975,-0.2631507609198442,0.021137341262046132
2021-11-30,0.164217922518239,-0.2936182248545793,0.02777463770200044
2021-12-31,0.16094452792816683,-0.28969516142673574,0.02983852142009029
2022-01-31,0.17084483377558166,-0.28714308831457275,0.029007440862845086
2022-02-28,0.15687555306068104,-0.2692127337215604,0.022685882560885134
2022-03-31,0.19308811449985314,-0.3372904125933644,0.03351203789666211
2022-04-30,0.2456235646313456,-0.32765255856031616,0.08980116983719359
2022-05-31,0.24479733074227553,-0.32031463327968496,0.08774715885915098
2022-06-30,0.22494334156693985,-0.31156580583328675,0.09070509202917576
2022-07-31,0.24362291287963667,-0.32897445383557355,0.0817355251163314
2022-08-31,0.22838293347887767,-0.3166800586590284,0.07756529331284599
2022-09-30,0.21914863058438594,-0.31780481213367545,0.07555468702116835
2022-10-31,0.21343452324763088,-0.33467375020983614,0.07558535582645924
2022-11-30,0.20021344278448222,-0.3180115277920632,0.07932109919026885
2022-12-31,0.19185857224196076,-0.30794901250445417,0.07709828005116283
2023-01-31,0.1919803816301329,-0.33074523373409365,0.07151891677853077
2023-02-28,0.17855993666687014,-0.31921826074133647,0.06716939338274262
2023-03-31,0.1553459351258845,-0.30200682229146814,0.06572018458640999
2023-04-30,0.14921073975302804,-0.2813305773980663,0.07260200241977612
2023-05-31,0.1421698280598693,-0.2700148061348086,0.07128596611654656
2023-06-30,0.12494526690772872,-0.252670711396175,0.07547997205036767
2023-07-31,0.12201023088660232,-0.24014332211344805,0.073696639672283
2023-08-31,0.1287725562607276,-0.23103787253464797,0.08270275834853974
2023-09-30,0.10994118436975124,-0.2217546573856995,0.08206504280378554
2023-10-31,0.0985049555854913,-0.2220377641159648,0.08003324644311582
2023-11-30,0.08586092168732704,-0.210751595056662,0.07307538397630936
2023-12-31,0.13788456766802168,-0.15859754919904565,0.15830299747501986
2024-01-31,0.12085611651446215,-0.15489555741238822,0.15088193475293799
2024-02-29,0.10983066681354514,-0.1686997820513356,0.1375478135574176
2024-03-31,0.0954852120052049,-0.16438448796519203,0.13508603417810333
2024-04-30,0.11207891190608728,-0.1710318044322634,0.14959857111850386
2024-05-31,0.10715668665276071,-0.17551046423112468,0.1284644909311108
2024-06-30,0.09435922068774417,-0.16276334355522387,0.10633418210103975
2024-07-31,0.07522806829246376,-0.1611882235942011,0.10420427367239157
